{"group": "/Users/yanglin/Documents/Projects/UTGen_LLM/outputs/logprobs_defects4j/verdict_final-multiple-results-overall-reranked.jsonl", "accuracy": 0.5037593984962406, "pass_rate": 0.556390977443609, "detected_bugs": ["Lang_24", "Lang_14", "Jsoup_21", "Jsoup_27", "Mockito_26", "Jsoup_9", "Jsoup_20", "Math_57", "Chart_12", "Cli_17", "Lang_3", "Jsoup_51", "Jsoup_44", "Chart_20", "Jsoup_25", "Csv_3", "Compress_11", "Collections_27", "Lang_34", "Time_12", "Jsoup_11", "Collections_26", "Cli_32", "Time_14", "Mockito_30", "Jsoup_24", "Chart_15", "Cli_18", "Jsoup_4", "Mockito_24", "Jsoup_61", "Jsoup_16", "Jsoup_35", "Jsoup_58", "Lang_29", "Lang_53", "Math_94", "Jsoup_67", "Compress_6", "Jsoup_69", "Math_99", "Time_17", "Jsoup_65", "Lang_4", "Math_69", "Compress_15", "Mockito_11", "Time_15"], "corrected_ids": [8, 9, 10, 12, 13, 17, 20, 21, 22, 23, 24, 25, 26, 27, 29, 34, 37, 45, 60, 61, 62, 63, 67, 68, 75, 83, 84, 93, 95, 96, 97, 98, 99, 100, 101, 102, 105, 106, 108, 109, 111, 113, 120, 121, 122, 123, 124, 127, 129, 133, 135, 136, 140, 141, 147, 148, 153, 158, 164, 169, 170, 171, 172, 173, 174, 175, 176, 177, 181, 184, 186, 188, 189, 190, 191, 192, 193, 194, 196, 198, 199, 200, 202, 205, 207, 209, 210, 212, 213, 214, 217, 220, 221, 224, 225, 228, 231, 233, 234, 236, 237, 241, 243, 252, 255, 260, 262, 270, 276, 278, 280, 281, 282, 289, 290, 291, 292, 293, 294, 296, 297, 298, 299, 301, 303, 308, 309, 310, 311, 312, 313, 314, 315, 316, 317, 318, 319, 320, 349, 350, 369, 372, 374, 414, 417, 418, 423, 424, 428, 435, 438, 440, 441, 444, 448, 449, 451, 452, 453, 465, 466, 469, 479, 480, 487, 488, 489, 494, 495, 509, 510, 538, 539, 565, 567, 568, 569, 570, 571, 572, 573, 574, 575, 576, 577, 578, 579, 580, 581, 582, 584, 585, 586, 587, 588, 589, 590, 591, 592, 593, 594, 595, 596, 597, 598, 599, 600, 601, 602, 603, 604, 605, 606, 607, 608, 609, 610, 611, 612, 613, 614, 615, 616, 617, 618, 619, 620, 621, 622, 623, 624, 625, 626, 627, 628, 629, 630, 631, 632, 633, 634, 635, 636, 637, 638, 639, 640, 641, 642, 643, 644, 645, 646, 647, 648, 649, 650, 651, 652, 653, 654, 655, 656, 663, 668, 680, 692, 694, 700, 705, 706, 707, 708, 709, 711, 712, 714, 717, 721, 724, 736, 737, 744, 755, 757, 759, 760, 765, 770, 775, 780, 792, 793, 795, 810, 811, 812, 819, 821, 826, 827, 829, 831, 833, 834, 836, 841, 845, 846, 847, 848, 849, 855, 856, 857, 865, 866, 871, 876, 879, 880, 881, 882, 883, 884, 885, 886, 887, 888, 889, 895, 901, 902, 903, 904], "passed_ids": [8, 9, 10, 12, 13, 17, 20, 21, 22, 23, 24, 25, 26, 27, 29, 34, 37, 45, 60, 61, 62, 63, 67, 68, 75, 83, 84, 93, 95, 96, 97, 98, 99, 100, 101, 102, 105, 106, 108, 109, 111, 113, 120, 121, 122, 123, 124, 127, 128, 133, 135, 136, 140, 141, 147, 148, 153, 158, 169, 170, 171, 172, 173, 174, 175, 176, 177, 181, 184, 185, 187, 189, 190, 191, 192, 193, 194, 196, 198, 199, 200, 202, 205, 206, 208, 210, 212, 213, 214, 217, 218, 220, 221, 224, 225, 228, 231, 233, 234, 236, 237, 241, 243, 244, 245, 246, 247, 250, 252, 255, 260, 262, 265, 267, 268, 270, 276, 278, 280, 281, 282, 289, 290, 291, 292, 293, 294, 296, 297, 298, 299, 301, 303, 308, 309, 310, 311, 312, 313, 314, 315, 316, 317, 318, 319, 320, 349, 350, 357, 358, 359, 365, 369, 372, 374, 411, 414, 417, 418, 423, 424, 426, 428, 434, 435, 438, 440, 441, 443, 444, 448, 449, 451, 452, 453, 458, 464, 465, 466, 468, 469, 478, 479, 480, 483, 487, 488, 489, 494, 495, 509, 510, 538, 539, 565, 567, 568, 569, 570, 571, 572, 573, 574, 575, 576, 577, 578, 579, 580, 582, 584, 585, 586, 587, 588, 589, 590, 591, 592, 593, 594, 595, 596, 597, 598, 599, 600, 601, 602, 604, 605, 606, 607, 608, 609, 610, 611, 612, 613, 614, 615, 616, 617, 618, 619, 620, 621, 622, 623, 624, 625, 626, 627, 628, 629, 630, 631, 632, 633, 634, 635, 636, 637, 638, 639, 640, 641, 642, 643, 644, 645, 646, 647, 648, 649, 650, 651, 652, 654, 655, 656, 663, 668, 677, 680, 692, 694, 700, 705, 706, 707, 708, 709, 711, 712, 714, 717, 719, 721, 724, 725, 727, 728, 736, 737, 742, 743, 744, 755, 757, 759, 760, 763, 765, 770, 775, 780, 792, 793, 795, 797, 810, 811, 812, 819, 820, 821, 826, 827, 829, 831, 833, 834, 836, 841, 844, 845, 846, 847, 848, 849, 855, 856, 857, 860, 863, 865, 866, 871, 876, 879, 880, 881, 882, 883, 884, 885, 886, 887, 888, 889, 893, 894, 895, 897, 898, 901, 902, 903, 904], "buggy_failed_ids": [786, 735, 635, 250, 31, 678, 805, 248, 700, 758, 792, 849, 637, 148, 491, 869, 197, 801, 901, 647, 893, 829, 609, 852, 796, 28, 702, 709, 35, 615, 690, 685, 194, 902, 67, 623, 106, 135, 11, 858, 282, 636, 834, 699, 292, 644, 621, 692, 247, 733, 772, 643, 4, 214, 851, 862, 198, 633, 666, 195, 844, 895, 904, 630, 287, 254, 749, 495, 632, 639, 184, 652, 192, 726, 290, 770, 870, 642, 646, 814, 638, 664, 677, 674, 629, 846, 798, 375, 714, 293, 808, 270, 816, 490, 876, 797, 2, 243, 703, 842, 260, 249, 617, 833, 150, 611, 649, 227, 625, 607, 33, 185, 18, 755, 767, 605, 7, 52, 631, 855, 831, 628, 711, 255, 101, 32, 634, 575, 753, 215, 698, 199, 285, 622, 36, 847, 53, 708, 30, 114, 310, 806, 624, 487, 273, 244, 687, 613, 691, 286, 614, 672, 659, 650, 804, 19, 202, 723, 60, 734, 661, 835, 253, 836, 656, 252, 289, 898, 200, 627, 14, 896, 246, 707, 712, 190, 894, 125, 284, 848, 216, 15, 189, 730, 897, 228, 871, 452, 280, 845, 641, 245, 115, 701, 807, 134, 74, 193, 124, 812, 489, 187, 191, 75, 65, 857, 863, 312, 721, 453, 757, 291, 283, 294, 738, 645, 654, 16, 706, 281, 853, 856, 153, 374, 754, 768, 583, 903, 891, 626, 771, 653, 824, 640]}