{"group": "/Users/yanglin/Documents/Projects/UTGen_LLM/outputs/logprobs_defects4j/verdict_without_confidence_final-multiple-results-individual-reranked.jsonl", "accuracy": 0.5097744360902255, "pass_rate": 0.5789473684210527, "detected_bugs": ["Lang_24", "Chart_16", "Lang_14", "Jsoup_21", "Jsoup_27", "Mockito_26", "Jsoup_9", "Jsoup_20", "Math_57", "Chart_12", "Cli_17", "Math_69", "Jsoup_51", "Jsoup_1", "Jsoup_44", "Chart_20", "Time_26", "Jsoup_25", "Cli_19", "Jsoup_14", "Compress_11", "Csv_3", "Compress_42", "Collections_27", "Time_12", "Jsoup_11", "Collections_26", "Cli_32", "Jsoup_39", "Time_14", "Mockito_30", "Cli_18", "Compress_16", "Mockito_24", "Jsoup_15", "Compress_13", "Lang_30", "Jsoup_16", "Jsoup_61", "Jsoup_58", "Lang_29", "Jsoup_35", "Lang_53", "Jsoup_67", "Compress_6", "Math_99", "Math_63", "Codec_4", "Jsoup_65", "Lang_4", "Jsoup_28", "Compress_15", "Mockito_11", "Time_15"], "corrected_ids": [4, 8, 9, 10, 12, 15, 16, 17, 18, 19, 20, 21, 22, 23, 24, 25, 26, 27, 28, 29, 30, 32, 34, 35, 37, 45, 60, 61, 62, 63, 65, 67, 68, 75, 83, 84, 93, 95, 96, 97, 98, 99, 100, 103, 106, 108, 109, 111, 113, 114, 120, 121, 123, 124, 125, 133, 135, 136, 137, 140, 141, 146, 147, 148, 153, 155, 158, 163, 164, 170, 171, 172, 173, 174, 176, 177, 184, 186, 188, 189, 190, 191, 192, 193, 194, 195, 196, 198, 200, 202, 203, 205, 207, 209, 210, 211, 212, 213, 217, 220, 221, 224, 225, 228, 231, 232, 233, 234, 237, 241, 243, 252, 255, 262, 270, 273, 276, 277, 278, 280, 281, 282, 288, 289, 290, 291, 292, 296, 297, 299, 300, 301, 303, 304, 308, 309, 310, 311, 312, 313, 314, 315, 316, 317, 318, 320, 350, 369, 372, 374, 375, 413, 416, 418, 422, 424, 425, 427, 428, 434, 435, 441, 444, 445, 448, 451, 452, 453, 465, 469, 472, 473, 474, 479, 484, 487, 509, 510, 538, 539, 565, 567, 569, 570, 571, 572, 573, 574, 575, 576, 577, 578, 579, 580, 581, 582, 583, 584, 585, 586, 587, 588, 590, 591, 592, 593, 594, 595, 596, 597, 598, 599, 601, 602, 603, 604, 605, 606, 607, 608, 611, 613, 614, 615, 616, 617, 618, 619, 620, 621, 623, 625, 626, 627, 628, 629, 631, 632, 633, 634, 637, 638, 639, 640, 641, 644, 645, 646, 647, 648, 649, 650, 651, 652, 653, 654, 655, 656, 661, 663, 665, 669, 671, 680, 683, 687, 692, 694, 700, 705, 706, 707, 708, 710, 713, 714, 721, 724, 727, 734, 736, 737, 739, 744, 750, 755, 757, 759, 765, 774, 775, 780, 793, 795, 797, 810, 811, 812, 821, 824, 826, 827, 829, 831, 832, 833, 834, 836, 841, 845, 846, 847, 848, 849, 855, 856, 857, 865, 866, 867, 868, 871, 876, 879, 880, 881, 882, 884, 885, 886, 887, 888, 889, 891, 895, 896, 901, 902, 903], "passed_ids": [4, 8, 9, 10, 12, 15, 16, 17, 18, 19, 20, 21, 22, 23, 24, 25, 26, 27, 28, 29, 30, 32, 34, 35, 37, 45, 60, 61, 62, 63, 65, 67, 68, 75, 83, 84, 93, 95, 96, 97, 98, 99, 100, 103, 106, 108, 109, 111, 113, 114, 120, 121, 122, 123, 124, 125, 133, 135, 136, 137, 140, 141, 146, 147, 148, 150, 153, 155, 158, 163, 164, 169, 170, 171, 172, 173, 174, 176, 177, 184, 187, 189, 190, 191, 192, 193, 194, 195, 196, 198, 199, 200, 202, 203, 205, 206, 208, 210, 211, 212, 213, 217, 218, 220, 221, 224, 225, 228, 231, 232, 233, 234, 237, 241, 243, 244, 245, 246, 247, 250, 252, 255, 262, 264, 269, 270, 273, 276, 277, 278, 280, 281, 282, 288, 289, 290, 291, 292, 296, 297, 299, 300, 301, 303, 304, 308, 309, 310, 311, 312, 313, 314, 315, 316, 317, 318, 320, 349, 350, 358, 369, 372, 374, 375, 408, 413, 416, 418, 422, 424, 425, 427, 428, 434, 435, 437, 440, 441, 444, 445, 448, 451, 452, 453, 458, 465, 466, 468, 469, 470, 471, 472, 473, 474, 479, 480, 483, 484, 487, 494, 499, 507, 509, 510, 538, 539, 565, 567, 569, 570, 571, 572, 573, 574, 575, 576, 577, 578, 579, 580, 581, 582, 583, 584, 585, 586, 587, 588, 590, 591, 592, 593, 594, 595, 596, 597, 598, 599, 601, 602, 603, 604, 605, 606, 607, 608, 609, 610, 611, 613, 614, 615, 616, 617, 618, 619, 620, 621, 622, 623, 625, 626, 627, 628, 629, 631, 632, 633, 634, 635, 636, 637, 638, 639, 640, 641, 642, 643, 644, 645, 646, 647, 648, 649, 650, 651, 652, 653, 654, 655, 656, 661, 663, 665, 669, 671, 675, 677, 680, 683, 687, 692, 694, 700, 705, 706, 707, 708, 710, 713, 714, 721, 724, 725, 727, 734, 735, 736, 737, 739, 742, 744, 748, 750, 751, 755, 757, 759, 765, 774, 775, 780, 793, 795, 797, 810, 811, 812, 820, 821, 824, 826, 827, 829, 831, 832, 833, 834, 836, 840, 841, 845, 846, 847, 848, 849, 855, 856, 857, 865, 866, 867, 868, 871, 876, 879, 880, 881, 882, 884, 885, 886, 887, 888, 889, 891, 893, 895, 896, 897, 898, 901, 902, 903, 904], "buggy_failed_ids": [786, 250, 678, 805, 248, 700, 758, 792, 849, 637, 148, 869, 197, 801, 901, 710, 647, 893, 829, 852, 796, 589, 702, 615, 810, 313, 685, 194, 902, 67, 623, 106, 135, 858, 282, 658, 834, 699, 292, 621, 692, 247, 733, 772, 214, 851, 862, 198, 666, 195, 844, 895, 904, 287, 103, 288, 254, 749, 488, 639, 184, 192, 726, 290, 63, 870, 814, 638, 664, 677, 811, 629, 846, 798, 375, 714, 293, 808, 270, 816, 490, 876, 797, 2, 243, 703, 842, 260, 249, 150, 611, 68, 649, 227, 105, 607, 616, 33, 185, 755, 767, 7, 52, 631, 831, 255, 832, 753, 785, 493, 215, 698, 595, 199, 285, 665, 36, 847, 53, 708, 802, 123, 310, 806, 487, 273, 244, 687, 1, 613, 619, 93, 691, 741, 286, 672, 675, 196, 202, 170, 60, 661, 835, 253, 836, 656, 252, 289, 898, 200, 627, 746, 896, 246, 190, 894, 568, 284, 848, 216, 189, 651, 730, 251, 897, 228, 871, 280, 845, 641, 245, 701, 134, 74, 193, 124, 812, 187, 191, 75, 65, 669, 319, 857, 863, 312, 721, 757, 291, 283, 738, 645, 706, 281, 794, 671, 856, 153, 374, 754, 903, 891, 626, 771, 653, 824]}