{"group": "/Users/yanglin/Documents/Projects/UTGen_LLM/outputs/logprobs_defects4j/verdict_final-multiple-results-individual-reranked.jsonl", "accuracy": 0.4992481203007519, "pass_rate": 0.562406015037594, "detected_bugs": ["Lang_24", "Chart_16", "Lang_14", "Jsoup_21", "Jsoup_27", "Mockito_26", "Jsoup_9", "Jsoup_20", "Math_57", "Chart_12", "Cli_17", "Lang_3", "Math_69", "Jsoup_51", "Jsoup_1", "Jsoup_44", "Chart_20", "Jsoup_25", "Cli_19", "Jsoup_14", "Compress_11", "Csv_3", "Compress_42", "Collections_27", "Lang_34", "Time_12", "Jsoup_11", "Collections_26", "Cli_32", "Jsoup_39", "Time_14", "Mockito_30", "Chart_15", "Cli_18", "Compress_16", "Mockito_24", "Jsoup_15", "Compress_13", "Jsoup_61", "Jsoup_35", "Jsoup_58", "Lang_29", "Lang_53", "Math_94", "Jsoup_67", "Compress_6", "Math_99", "Chart_8", "Codec_4", "Jsoup_65", "Lang_4", "Jsoup_28", "Compress_15", "Mockito_11", "Time_15"], "corrected_ids": [8, 9, 11, 12, 15, 16, 17, 18, 19, 20, 21, 22, 23, 24, 25, 26, 27, 28, 30, 32, 34, 35, 37, 45, 60, 61, 62, 63, 65, 67, 68, 75, 83, 84, 93, 95, 96, 97, 98, 99, 100, 101, 103, 105, 106, 108, 109, 111, 113, 115, 120, 121, 122, 123, 124, 125, 127, 128, 129, 130, 131, 133, 135, 136, 137, 140, 141, 147, 148, 153, 158, 163, 164, 170, 171, 172, 173, 174, 176, 177, 184, 186, 188, 189, 190, 191, 192, 193, 194, 195, 196, 198, 199, 200, 202, 205, 206, 207, 209, 210, 211, 212, 213, 217, 220, 221, 223, 224, 225, 228, 232, 233, 234, 236, 237, 241, 252, 255, 276, 278, 280, 281, 282, 286, 288, 289, 290, 291, 296, 297, 298, 299, 300, 301, 304, 305, 308, 309, 310, 311, 312, 313, 314, 315, 316, 317, 318, 319, 320, 350, 369, 372, 374, 375, 416, 418, 422, 424, 425, 426, 434, 440, 441, 444, 448, 451, 452, 453, 465, 473, 474, 480, 484, 487, 489, 495, 509, 510, 538, 539, 565, 567, 568, 569, 570, 571, 573, 574, 575, 576, 577, 578, 579, 580, 581, 582, 583, 585, 586, 587, 588, 589, 590, 591, 592, 593, 595, 596, 597, 598, 599, 600, 601, 602, 603, 604, 605, 606, 607, 608, 612, 614, 615, 618, 620, 622, 623, 625, 626, 627, 628, 630, 631, 632, 633, 634, 635, 636, 637, 638, 639, 640, 641, 643, 644, 646, 647, 648, 650, 651, 652, 654, 655, 656, 663, 665, 669, 671, 680, 683, 687, 692, 699, 700, 705, 706, 710, 713, 714, 717, 721, 724, 727, 734, 736, 739, 743, 744, 750, 755, 757, 759, 774, 775, 780, 793, 795, 797, 804, 810, 811, 812, 819, 821, 824, 826, 827, 829, 831, 832, 833, 836, 841, 845, 846, 847, 848, 849, 855, 856, 865, 866, 867, 871, 876, 879, 880, 881, 882, 883, 884, 885, 886, 887, 888, 889, 891, 895, 901, 902, 903, 904], "passed_ids": [8, 9, 11, 12, 15, 16, 17, 18, 19, 20, 21, 22, 23, 24, 25, 26, 27, 28, 30, 32, 34, 35, 37, 45, 60, 61, 62, 63, 65, 67, 68, 75, 83, 84, 93, 95, 96, 97, 98, 99, 100, 101, 103, 105, 106, 108, 109, 111, 113, 115, 120, 121, 122, 123, 124, 125, 127, 128, 131, 133, 135, 136, 137, 140, 141, 146, 147, 148, 150, 153, 158, 163, 164, 169, 170, 171, 172, 173, 174, 176, 177, 184, 185, 187, 189, 190, 191, 192, 193, 194, 195, 196, 198, 199, 200, 202, 205, 206, 208, 210, 211, 212, 213, 217, 218, 220, 221, 223, 224, 225, 228, 232, 233, 234, 236, 237, 241, 244, 245, 246, 247, 250, 252, 255, 269, 270, 276, 278, 280, 281, 282, 286, 288, 289, 290, 291, 296, 297, 298, 299, 300, 301, 304, 305, 308, 309, 310, 311, 312, 313, 314, 315, 316, 317, 318, 319, 320, 349, 350, 358, 369, 372, 374, 375, 408, 416, 418, 420, 422, 424, 425, 426, 434, 437, 440, 441, 444, 448, 451, 452, 453, 458, 465, 466, 468, 470, 473, 474, 480, 483, 484, 487, 489, 494, 495, 498, 509, 510, 538, 539, 565, 567, 568, 569, 570, 571, 573, 574, 575, 576, 577, 578, 579, 580, 581, 582, 583, 585, 586, 587, 588, 589, 590, 591, 592, 593, 595, 596, 597, 598, 599, 600, 601, 602, 603, 604, 605, 606, 607, 608, 609, 611, 612, 613, 614, 615, 617, 618, 619, 620, 621, 622, 623, 625, 626, 627, 628, 629, 630, 631, 632, 633, 634, 635, 636, 637, 638, 639, 640, 641, 642, 643, 644, 645, 646, 647, 648, 649, 650, 651, 652, 653, 654, 655, 656, 663, 665, 669, 671, 680, 683, 687, 692, 699, 700, 705, 706, 710, 713, 714, 717, 721, 724, 725, 727, 734, 736, 739, 743, 744, 748, 750, 755, 757, 759, 765, 774, 775, 780, 793, 795, 797, 804, 810, 811, 812, 819, 820, 821, 823, 824, 826, 827, 829, 831, 832, 833, 836, 840, 841, 845, 846, 847, 848, 849, 855, 856, 865, 866, 867, 868, 871, 876, 879, 880, 881, 882, 883, 884, 885, 886, 887, 888, 889, 891, 892, 893, 895, 897, 898, 901, 902, 903, 904], "buggy_failed_ids": [786, 635, 250, 31, 603, 678, 805, 700, 758, 792, 849, 637, 148, 869, 197, 801, 901, 710, 647, 893, 829, 213, 852, 796, 803, 702, 615, 810, 690, 313, 685, 194, 902, 67, 623, 106, 135, 282, 636, 834, 699, 292, 692, 247, 733, 772, 29, 643, 4, 214, 851, 198, 633, 666, 195, 844, 895, 904, 630, 287, 103, 288, 254, 749, 495, 639, 184, 192, 726, 290, 63, 770, 870, 814, 846, 798, 375, 714, 293, 10, 808, 270, 816, 490, 876, 797, 2, 703, 842, 260, 833, 150, 68, 227, 607, 33, 185, 755, 767, 620, 7, 52, 631, 855, 831, 255, 101, 262, 832, 753, 785, 215, 698, 199, 285, 665, 622, 36, 847, 53, 802, 114, 123, 310, 487, 273, 244, 687, 1, 93, 691, 741, 286, 672, 892, 196, 202, 60, 835, 253, 836, 656, 252, 289, 898, 200, 627, 746, 14, 246, 190, 894, 284, 848, 216, 189, 651, 730, 897, 228, 871, 845, 641, 245, 115, 694, 701, 807, 134, 74, 193, 124, 812, 489, 187, 191, 75, 65, 669, 857, 863, 312, 721, 453, 757, 291, 283, 294, 738, 654, 742, 281, 794, 671, 856, 153, 374, 754, 13, 903, 891, 584, 626, 771, 824, 640]}